temp,vp,PET,rainfall
22.13,23.5,5.87,0.27
24.16,22.39,6.52,2.69
26.04,24.43,7.21,30.48
27.03,36.9,7.26,12.83
26.6,45.12,6.88,116.82
23.09,75.47,5.29,416.76
22.74,79.47,4.77,929.36
22.87,73.52,4.91,428.86
23.77,62.89,5.41,182.98
23.91,53.64,5.36,150.57
23.09,45.33,5.22,105.19
22.69,36.37,5.31,4
22.65,25.88,5.84,0
24.05,23.27,6.52,0
25.59,25.47,7.17,2.52
26.94,35.77,7.27,140.8
26.1,47.04,6.8,62.27
23.34,71.24,5.37,80.6
23.19,80,4.8,280.29
22.32,73.8,4.89,304.14
23.43,64.16,5.37,78.43
23.87,57.69,5.28,76.23
22.94,45.84,5.22,148.93
21.97,35.95,5.3,1.51
22.07,25.77,5.79,0
24.4,23.74,6.51,1.46
26.46,25.58,7.21,40
27.26,35.77,7.31,111.67
26.1,47.05,6.8,172.94
23.57,70.39,5.39,376.89
23.01,80,4.78,215.1
23.11,73.8,4.9,359.11
23.94,64.16,5.39,189.03
24.71,57.4,5.32,329.8
23.48,46.33,5.24,129.03
22.27,35.45,5.32,0.23
22.44,25.77,5.8,0.02
25.34,23.76,6.53,11.53
26.99,25.3,7.25,5.7
27.72,35.77,7.33,36.25
27.05,47.05,6.85,165.06
24.45,70.39,5.45,277.1
23.5,79.7,4.84,599.27
22.95,73.8,4.95,130.67
23.23,64.16,5.36,126.67
23.82,57.87,5.27,106.42
22.79,46.3,5.19,129.72
22.4,35.45,5.31,37.49
22.68,25.77,5.85,0
23.59,23.83,6.48,23.43
25.15,25.3,7.14,26.67
26.35,35.77,7.22,61.87
27.02,47.05,6.85,119.32
23.17,70.95,5.4,485.66
22.48,80,4.75,282.59
22.81,73.8,4.89,363.63
23.59,64.16,5.39,277.05
23.41,57.21,5.27,164.08
22.98,45.75,5.2,160.87
22.38,35.35,5.31,0.23
23.15,25.77,5.86,0
24.72,23.27,6.56,0
26.6,24.71,7.26,11.35
27.25,35.77,7.32,65.99
26.24,47.05,6.82,134.99
22.89,70.39,5.37,252.3
22.6,80,4.75,513.42
22.93,73.8,4.9,198.45
24.06,64.16,5.41,263.9
23.34,57.4,5.28,132.41
22.65,45.68,5.17,69.12
22.85,35.45,5.32,3.26
22.26,25.77,5.83,0.45
23.8,23.2,6.47,0
26.45,25.3,7.2,82.25
27.65,35.77,7.32,33.68
26.55,47.05,6.83,185.22
23.6,70.39,5.4,81.96
23.31,79.75,4.8,428.94
22.71,73.8,4.89,424.58
23.85,64.16,5.37,247.45
24.31,57.08,5.31,105.4
23.13,46.35,5.2,44.29
22.8,35.45,5.35,17.56
22.43,25.77,5.87,0
23.41,23.27,6.48,0
25.48,25.3,7.14,0.03
27.06,35.77,7.28,38.56
26.41,47.05,6.8,117.1
23.9,70.38,5.39,376.2
23.92,80,4.84,245.23
23.22,73.8,4.9,260.77
24.85,64.16,5.42,113.48
24.3,57.21,5.32,142.74
23.68,45.99,5.24,43.8
22.6,35.45,5.36,3.51
22.34,25.77,5.8,0
25.1,23.27,6.55,0
26.77,25.3,7.27,0.03
26.79,35.77,7.3,1.71
26.22,46.96,6.77,154.87
24.21,70.52,5.43,695.65
22.98,80,4.79,388.07
22.94,73.8,4.93,411.71
23.43,64.16,5.37,144.71
24.14,57.6,5.28,135.37
23.24,45.84,5.22,33.88
22.24,35.45,5.31,69.77
22.44,25.75,5.84,0.57
23.89,23.27,6.51,13.9
25.53,25.3,7.16,83.72
27.05,35.77,7.28,76.78
26.19,47.05,6.8,82.27
23.39,70.39,5.39,153.02
22.6,80,4.76,429.03
22.73,73.8,4.89,80.21
23.65,64.16,5.35,238.2
24.11,57.21,5.3,118.55
23.13,45.84,5.22,10.43
22.39,35.45,5.32,10.13
22.45,25.77,5.83,2.09
24.31,23.27,6.52,0
26.2,25.3,7.19,22.77
27.48,35.77,7.34,25.67
25.16,47.04,6.75,106.22
23.52,70.39,5.38,308.05
22.79,80,4.78,297.83
22.63,73.8,4.88,203.39
24.06,64.16,5.39,103.7
23.93,57.11,5.3,129.08
23.17,46.05,5.22,105.88
22.37,35.45,5.3,3.72
23.47,25.77,5.88,12.84
24.51,23.27,6.55,8.87
26.78,25.3,7.25,1.41
26.84,35.77,7.31,11.53
26.64,47.05,6.81,104.67
23.67,70.39,5.42,425.7
22.31,80,4.77,261.68
22.3,73.8,4.85,267.58
24.15,64.16,5.39,326.01
23.71,57.21,5.3,116.66
22.72,45.84,5.2,111.51
21.79,35.45,5.31,11.55
21.46,25.77,5.74,0
24.22,23.27,6.49,0.13
25.92,25.3,7.2,21.6
27.06,35.77,7.3,63.32
25.85,47.05,6.77,105.33
23.76,70.39,5.4,283.19
22.8,80,4.78,221.55
22.89,73.8,4.91,342.9
23.68,64.16,5.39,94.08
23.63,57.21,5.27,184.59
23.33,45.84,5.24,39.24
21.48,35.45,5.29,55.35
22.26,25.77,5.79,0
24.01,23.27,6.51,0
25.81,25.3,7.18,2.9
27.14,35.77,7.28,103.52
26.64,47.05,6.81,220.81
23.96,70.39,5.41,172.92
22.8,80,4.77,820.32
23.24,73.8,4.93,520.2
23.29,64.16,5.37,310.94
23.71,57.21,5.27,22.71
23.13,45.84,5.22,40.41
21.89,35.45,5.3,22.87
22.53,25.77,5.8,0.05
24.22,23.27,6.51,0
26.43,25.3,7.22,7.08
26.62,35.77,7.28,28.05
26.51,47.05,6.8,112.92
23.68,70.39,5.42,369.78
22.51,80,4.75,682.52
23.22,73.8,4.9,173.6
23.78,64.16,5.4,181.36
23.8,57.21,5.3,230.57
22.56,45.84,5.21,12.82
21.43,35.45,5.26,2.6
22.38,25.77,5.79,0.6
24.65,23.27,6.55,0
25.77,25.3,7.19,2.53
26.97,35.77,7.3,36.88
25.32,47.05,6.73,235.38
24.76,70.39,5.42,204.56
23.09,80,4.79,231.83
23.41,73.8,4.95,247.19
23.85,64.16,5.39,70.69
24.1,57.21,5.28,179.94
24.06,45.84,5.27,48.5
22.27,35.45,5.32,7.2
22.87,20.1,5.94,0
24.21,13.44,6.7,0
26.47,23.05,7.27,1.44
26.72,35.07,7.28,62.64
27.11,45.07,6.88,203.42
23.99,75.04,5.35,613.13
23.29,82.45,4.75,372.21
23.01,80.06,4.8,296.47
23.65,77.94,5.13,92.16
23.63,55.45,5.29,271.83
23.56,53.03,5.11,25.52
21.87,49.07,5.06,0.23
22.6,30.52,5.72,0
24.33,17.59,6.64,0
25.97,29.31,7.15,0.03
25.93,33.35,7.26,27.2
26.51,46.43,6.77,128.76
25.01,67.14,5.52,545.58
23.49,86.96,4.7,644.39
23.23,77.81,4.84,286.89
24.35,63.08,5.41,148.06
24.47,45.46,5.54,201.03
24.23,53.94,5.1,89.67
23.37,47.5,5.14,0.24
23.37,24.95,5.89,0
25.33,19.35,6.63,0
27.02,22.11,7.32,29.95
27.83,31.68,7.43,44.01
26.92,51.13,6.76,127.11
24.81,75.8,5.37,424.28
23.27,80.62,4.79,411.74
23.52,76.29,4.91,288.41
23.65,75.47,5.18,144.84
23.94,58.28,5.26,197.17
23.68,44.21,5.26,46.28
22.6,46.09,5.14,66.5
22.71,23.09,5.89,0
24.29,20.52,6.56,0.06
26.78,28.06,7.2,7.86
26.82,35.43,7.35,46.4
24.72,62.3,6.44,89.23
23.42,67.06,5.41,232.32
22.98,85.26,4.68,556.71
23.31,71.61,4.95,203.46
24.3,60.47,5.48,74.95
24.13,58.65,5.28,236.31
23.44,37.51,5.4,32.71
22.17,41.36,5.19,7.06
23.14,24.5,5.86,11.58
24.62,37.3,6.29,0
25.9,21.63,7.27,14.08
27.03,35,7.31,46.63
25.67,47.3,6.78,177.83
23.17,82.92,5.14,302.12
22.8,78.12,4.78,419.71
22.81,74.01,4.88,478.6
23.98,64.35,5.41,180.52
23.81,59.27,5.24,174.9
23.65,40.96,5.34,19.37
22,35.84,5.29,0.23
23.18,36.63,5.6,0.03
25.64,21.64,6.63,0.13
26.53,28.39,7.2,8.18
27.12,41.15,7.22,98.64
26.12,47.32,6.78,121.24
23.95,82.57,5.17,656.22
23.31,82.66,4.75,279.58
22.94,76.39,4.86,573.31
24.36,67.79,5.35,205.86
23.71,59.63,5.24,202.09
23.65,45.65,5.24,4.19
22.37,44.75,5.14,24.46
23.27,34.64,5.7,3.6
24.05,25.56,6.46,0
26.75,27.06,7.2,27.41
27.5,31.89,7.41,68.13
26.39,56.67,6.65,84.6
23.99,79.2,5.23,320.03
23.53,72.53,4.94,284.03
23.44,73.04,4.93,426.24
24.89,54.76,5.6,173.75
24.53,59.98,5.28,312.29
23.65,42.08,5.31,180.6
22.82,37.2,5.28,29.88
21.88,24.44,5.85,0
24.95,25.07,6.63,3.91
26.81,25.11,7.43,11.14
28.67,34.8,7.64,27.28
27.05,46.93,7.24,124.76
24.51,74.67,5.79,83.67
23.51,80.74,5.3,190.65
23.83,75.44,5.41,101.71
23.72,67.12,5.67,135.09
23.47,64.32,5.29,188.77
22.06,46.39,5.23,129.3
21.15,33.42,5.35,5.79
20.7,26.18,5.78,0
23.18,19.18,6.61,0
26.76,22.79,7.46,0.25
27.28,35.7,7.52,111.14
27.43,43.64,7.25,69.87
25.73,60.79,6.12,20.72
24.44,78.32,5.42,51.05
24.03,71.89,5.47,111.41
24.62,62.7,5.77,47.69
24.73,55.64,5.5,69.55
23.27,51.65,5.21,146.72
22.43,35.02,5.36,1.29
22.17,23.17,5.92,0
24.34,24.29,6.63,1.24
26.58,25.08,7.42,32.9
28.07,36.8,7.57,89.79
26.18,48.91,7.13,155.89
24.86,71.25,5.84,115.04
24.04,80.86,5.32,45.75
24.26,73.89,5.44,97.67
24.8,62.94,5.81,101.51
23.96,60.78,5.38,295.31
23.37,51.96,5.2,102.97
21.95,33.44,5.37,0.22
22.42,27.53,5.85,0
24.15,25.05,6.6,12.3
26.48,24.59,7.43,2.7
28.04,34.68,7.58,65.44
26.74,47.3,7.22,107.63
23.94,73.03,5.79,45.54
23.44,81.69,5.25,95.81
23.67,74.59,5.41,62.76
24.2,63.78,5.73,153.49
24.48,57.02,5.46,97.78
23.51,47.91,5.26,68.44
22.08,41.36,5.22,37.23
22.78,30.75,5.78,0
24.66,28.36,6.57,37.73
26.57,24.28,7.43,4.42
28.33,31.95,7.65,33.35
27.27,45.21,7.25,89.36
25.09,69.82,5.95,167.94
22.99,81.08,5.26,96.57
24.1,72.31,5.44,75.04
24.13,66.32,5.68,233.92
24.23,56.74,5.45,171.93
23.29,54.8,5.12,128.21
22.77,37.25,5.35,1.08
22.07,23.7,5.92,0
24.38,21.75,6.68,0
26.56,23.16,7.46,3.22
27.98,36.64,7.52,52.23
27.84,44.4,7.32,126.08
24.27,75.21,5.77,70.97
24.02,79.28,5.34,62.86
23.96,72.59,5.43,58.55
24.96,62.49,5.8,177.48
24.69,54,5.53,122.98
23.4,45.31,5.3,37.02
22.88,36.97,5.34,7.72
22.84,25.96,5.92,0.9
24.53,22.79,6.69,0
26.37,24.4,7.42,72.32
28.2,35.02,7.58,27.08
27.24,46.16,7.25,136.22
24.56,71.07,5.86,23.03
24.66,80,5.37,106.88
23.65,72.95,5.45,103.78
24.23,63.78,5.74,188.52
24.35,58.68,5.43,125.7
23.17,46.03,5.32,40.67
21.71,36.49,5.29,13.07
22,25.85,5.83,0
24.71,23.36,6.64,0
27.18,24.52,7.48,2.08
28.35,35,7.6,17.55
27.3,46.3,7.25,91.95
24.65,70.02,5.89,111.63
24.29,80,5.34,44.34
24.45,72.95,5.47,56.74
24.84,63.78,5.77,111.68
25.2,58.6,5.47,104.06
23.54,46.56,5.34,52.01
22.01,35.79,5.34,1.7
22.38,25.85,5.82,0
26.13,23.39,6.7,0
28.05,24.06,7.55,0.02
29.07,35,7.64,5.41
28.06,46.3,7.29,129.95
25.51,70.03,5.92,199.2
24.81,79.62,5.41,83.34
24.18,72.95,5.49,127.7
23.95,63.78,5.74,145.85
24.3,58.94,5.42,63.32
23.01,46.33,5.27,13.21
22.17,35.85,5.32,63.27
22.79,25.85,5.92,0.54
23.43,23.39,6.64,19.57
25.42,24.06,7.36,57.8
27.38,35,7.47,39.29
28.13,46.3,7.29,68.7
24.53,70.82,5.9,51.11
23.72,80,5.3,154.71
24.16,72.95,5.45,31.72
24.55,63.78,5.77,132.23
23.98,58.18,5.44,160.49
23.05,45.78,5.26,15.18
22.48,35.65,5.34,11.31
23.02,25.85,5.9,2.96
25.07,22.8,6.7,0.09
27.18,23.42,7.5,18.42
28.32,35,7.61,14.41
27.62,46.3,7.29,86.58
24.26,70.02,5.89,77.57
23.76,80,5.3,69.11
24.28,72.95,5.44,51.41
25.06,63.78,5.81,94.86
23.88,58.54,5.43,77.87
22.58,45.76,5.24,106.82
22.72,35.85,5.35,4.58
21.99,25.85,5.87,16.72
24.02,22.61,6.63,12.42
26.91,24.06,7.43,0.26
28.74,34.98,7.62,13.45
27.71,46.3,7.3,90.12
24.82,70.02,5.89,121.3
24.58,79.62,5.37,58.53
24.05,72.95,5.46,72.59
24.73,63.78,5.76,295.45
24.76,58.19,5.46,110.34
23.24,46.62,5.27,98.76
22.71,35.88,5.35,16.81
22.34,25.85,5.9,0.2
23.54,22.79,6.63,0
25.96,24.06,7.39,22.42
28.18,35,7.55,60.15
27.53,46.3,7.23,95.83
25.28,69.9,5.91,79.41
25.17,80,5.41,49.26
24.51,72.95,5.47,110.25
25.74,63.78,5.82,66.28
24.76,58.18,5.48,153.86
23.75,46.25,5.33,40.91
22.42,35.85,5.36,50.75
22.21,25.85,5.84,0
25.39,22.79,6.68,1.54
27.6,24.06,7.54,0.43
27.55,35,7.58,84.22
27.38,46.34,7.22,202.75
25.49,70.26,5.93,32.38
24.02,80,5.35,206.16
24.01,72.95,5.46,169.13
24.16,63.78,5.71,261.1
24.74,58.79,5.43,15.69
23.29,45.97,5.32,39.93
22.09,35.85,5.34,28.42
22.25,25.56,5.88,0.06
24.09,22.79,6.66,0
26.02,24.06,7.41,5.49
28.09,35,7.55,9.87
27.4,46.3,7.25,95.21
24.72,70.02,5.88,108.34
23.81,80,5.32,180.46
23.96,72.95,5.43,45.99
24.51,63.78,5.75,173.79
24.77,58.34,5.46,229.16
23.2,45.97,5.32,12.12
22.31,35.85,5.35,4.15
22.4,25.85,5.88,0.98
24.7,22.79,6.67,0.19
27.15,24.06,7.45,4.55
28.71,35,7.66,32.72
26.14,46.19,7.21,191.15
24.6,70.02,5.87,55.36
23.99,80,5.33,38.32
23.85,72.95,5.42,78.44
25.06,63.78,5.77,68.04
24.33,58.3,5.45,183.54
23.35,46.32,5.3,35.81
22.2,35.85,5.28,9.38
23.5,25.85,5.92,0.03
24.78,22.79,6.68,0.02
27.64,24.06,7.53,0.26
27.91,35,7.59,47.8
27.73,46.3,7.28,204.38
24.66,70.02,5.91,191.57
23.58,80,5.32,69.05
23.62,72.95,5.41,86.44
25.02,63.78,5.78,85.2
24.29,58.18,5.47,285.12
22.66,45.97,5.27,26.57
21.87,35.85,5.34,0.32
21.39,25.85,5.79,0.07
24.74,22.79,6.67,0
26.48,24.06,7.45,0
28.1,35,7.58,10.61
26.87,46.3,7.21,108.71
24.81,70.02,5.88,159.07
24.26,80,5.34,149.41
24.09,72.95,5.46,80.33
24.63,63.78,5.76,100.15
24.39,58.18,5.43,159.65
23.54,45.97,5.33,50.4
21.44,35.85,5.28,1.04
22.22,25.85,5.85,0
24.16,22.79,6.63,0.02
26.69,24.06,7.43,24.73
28.2,35,7.58,40.83
27.82,46.3,7.27,122.39
25.3,70.02,5.92,127.3
24.28,80,5.35,85.22
24.46,72.95,5.49,92.28
24.13,63.78,5.75,152.13
24.2,58.18,5.42,180.65
23.14,45.97,5.3,34.26
21.67,35.85,5.28,73.32
22.5,25.85,5.86,0.43
24.59,22.79,6.67,1.41
26.98,24.06,7.47,4.87
27.74,35,7.55,18.34
27.69,46.3,7.24,92.14
25.07,70.02,5.92,43.56
23.75,80,5.31,98.22
24.59,72.95,5.46,49.76
24.82,63.78,5.81,51.71
24.27,58.18,5.47,199.81
22.47,45.97,5.27,35.93
21.25,35.85,5.28,6.67
22.37,25.85,5.83,16.37
24.98,22.79,6.7,0.1
26.47,24.06,7.46,15.62
28.07,35,7.6,36.34
26.25,46.3,7.16,170.96
25.95,70.02,5.91,90
24.17,80,5.35,96.59
24.61,72.95,5.47,162.77
24.73,63.78,5.77,158.1
24.52,58.18,5.42,174.22
24.48,45.97,5.36,19.97
22.23,35.85,5.35,0.25
22.98,19,6.03,0.03
24.35,11.18,6.87,0.04
27.08,22.15,7.51,0.7
27.69,34.52,7.55,101.24
28.27,45.1,7.29,126.53
25.05,77.03,5.78,206.44
24.58,84.16,5.29,51.53
24.17,78.71,5.36,203.06
24.44,77.12,5.52,171.74
24.14,56.25,5.45,184.89
23.75,54.42,5.17,13.34
21.86,49.54,5.07,21.87
22.61,31.06,5.78,4.44
24.66,16.22,6.82,0
26.58,28.48,7.39,22.58
26.85,34.34,7.5,73.29
27.6,46.71,7.18,83.37
26.43,66.86,6.02,76.1
24.84,87.23,5.27,33.48
24.52,76.24,5.42,114.25
25.21,64.07,5.79,161.38
24.9,46.76,5.69,314.38
24.35,55.06,5.15,180.44
23.12,47.56,5.15,27.5
23.53,23.82,5.96,0.03
25.72,17.86,6.81,0.18
27.92,21.18,7.57,0.19
28.91,30.16,7.72,95.81
28.08,51.58,7.17,125.06
26.26,75.43,5.89,59.41
24.55,81.26,5.36,214.57
24.76,76.35,5.43,256.6
24.59,74.17,5.58,144.88
24.51,60.5,5.39,219.25
23.91,44.86,5.35,57.15
22.48,45.4,5.17,45.44
22.71,22.68,5.96,0.04
24.47,18.68,6.73,10.57
27.49,27,7.43,0.56
27.89,33.22,7.65,77.58
25.82,59.38,6.91,226.05
24.77,66.85,5.91,73.12
24.24,84.33,5.25,99.26
24.56,71.26,5.5,68.21
25.22,60.32,5.87,100.09
24.7,58.75,5.46,194.14
23.53,36.84,5.5,67.57
22.09,41.6,5.21,5.65
23.17,23.04,5.94,0.04
25.03,36.93,6.46,11.83
26.54,20.46,7.52,0.07
28.09,33.22,7.61,80.11
26.86,46.22,7.24,73.29
24.39,84.61,5.58,89.69
24.06,79.21,5.35,99.86
24.07,73.16,5.44,193.46
24.91,63.67,5.79,132.48
24.34,60.58,5.4,291.84
23.75,39.67,5.45,13.41
21.9,35.44,5.32,14.7
23.2,36.97,5.65,0.46
26.06,19.39,6.81,0.12
27.43,27.89,7.47,3.65
28.13,39.5,7.51,102.72
27.4,45.97,7.26,71.6
25.16,84.44,5.61,35.69
24.73,82.74,5.34,97.21
24.16,76.56,5.38,64.21
25.32,68.42,5.72,150.75
24.21,60.91,5.39,165.14
23.77,45.88,5.33,32.04
22.21,44.84,5.15,8.25
23.35,34.91,5.78,0.61
24.13,24.29,6.64,0.12
27.28,26.14,7.42,0.71
28.56,29.63,7.71,10.39
27.5,56.99,7.05,218.1
25.29,79.28,5.73,160.31
24.93,73.37,5.5,33.81
24.72,71.76,5.5,40.27
25.87,55.25,5.99,60.21
25.09,60.42,5.47,183.97
23.67,41.47,5.41,35.17
22.78,36.1,5.35,4.54
21.78,22.91,5.86,0
24.94,24.2,6.66,2.76
26.83,24.08,7.48,13.52
28.78,33.19,7.71,40.6
27.06,45.48,7.32,127.33
24.48,74.13,5.79,78.87
23.39,80.73,5.22,181.75
23.68,75.47,5.32,103.37
23.67,66.52,5.64,159.58
23.46,63.03,5.31,170.81
21.97,44.14,5.27,121.38
20.99,31.81,5.36,2.75
20.7,24.93,5.79,0
23.25,18.15,6.64,0
26.84,21.76,7.51,0.66
27.34,34.27,7.61,111.72
27.26,42.14,7.32,60.45
25.56,60.17,6.08,18.92
24.29,78.47,5.33,52.09
23.99,71.94,5.39,92.22
24.58,61.92,5.75,50.83
24.77,53.43,5.54,55.08
23.37,49.69,5.24,122.02
22.47,33.62,5.4,0.51
22.15,21.65,5.94,0
24.47,23.28,6.65,0.4
26.7,24.04,7.47,33.04
28.08,35.27,7.65,85.3
26.12,47.22,7.2,146.45
24.7,70.41,5.83,122.16
23.88,80.91,5.24,47.47
24.07,74.09,5.36,111.49
24.69,62.29,5.77,122.54
23.97,58.72,5.41,267.59
23.47,50.32,5.22,88.03
21.78,31.91,5.39,0.13
22.44,26.17,5.86,0
24.2,24.02,6.63,10.51
26.57,23.53,7.46,5.44
28.08,33,7.67,78.94
26.7,45.78,7.29,111.08
23.78,72.16,5.77,50.84
23.28,81.6,5.18,98.67
23.52,74.59,5.31,55.56
24.11,63.04,5.7,168.86
24.43,55.03,5.49,97.55
23.5,46.07,5.31,53.55
21.98,39.65,5.25,37.68
22.78,29.36,5.81,0
24.66,27.11,6.6,31.75
26.62,22.93,7.49,9.77
28.4,30.05,7.74,37.13
27.25,43.37,7.34,86.89
25.01,68.71,5.94,176.02
23,80.84,5.2,113.62
23.87,72.34,5.36,98.44
24.07,65.27,5.67,224.46
24.27,54.9,5.48,189.68
23.28,52.78,5.17,102.35
22.65,35.71,5.37,0.54
22.07,22.32,5.94,0
24.53,20.7,6.71,0
26.66,22.06,7.51,3.45
28.04,35,7.61,57.53
27.83,42.94,7.4,131.66
24.18,74.47,5.77,72.38
23.84,79.49,5.25,66.24
23.77,72.76,5.35,63.4
24.89,61.68,5.77,211.58
24.78,51.44,5.59,114.87
23.36,43.19,5.34,37.22
22.78,35.35,5.37,4.98
22.78,24.47,5.93,0.39
24.57,21.78,6.72,0
26.46,23.34,7.47,62.92
28.27,33.54,7.67,32.6
27.21,44.64,7.34,131.9
24.47,70.33,5.84,17.36
24.51,80,5.3,90.9
23.46,72.97,5.37,123.21
24.12,63.01,5.71,196.51
24.3,56.9,5.46,128.06
23.11,44.06,5.35,43.74
21.59,34.97,5.33,8.41
21.96,24.31,5.86,0
24.86,22.37,6.68,0
27.3,23.47,7.51,1
28.38,33.48,7.69,13.83
27.34,44.78,7.34,73.7
24.6,69.27,5.88,100.19
24.18,80,5.27,51.95
24.31,72.97,5.39,61.48
24.76,63.01,5.74,108.01
25.23,56.79,5.51,96.1
23.47,44.54,5.36,46.48
21.95,34.28,5.36,1
22.35,24.31,5.85,0
26.05,22.44,6.72,0
28.07,23.02,7.57,0
29.15,33.48,7.72,7.15
28.04,44.78,7.37,106.82
25.38,69.3,5.9,187.73
24.71,79.61,5.33,91.49
24.05,72.97,5.41,132.15
23.9,63.01,5.71,140.62
24.26,57.2,5.44,66.3
22.9,44.31,5.31,9.88
22.03,34.31,5.34,39.79
22.83,24.31,5.94,0.2
23.51,22.44,6.66,12.66
25.56,23.02,7.4,37.62
27.47,33.48,7.57,42.4
28.16,44.78,7.36,62.37
24.43,70.07,5.87,69.61
23.62,80,5.24,162.57
24.04,72.97,5.37,34.87
24.53,63.01,5.75,130.08
23.99,56.37,5.46,140.48
23,43.62,5.31,8.8
22.5,34.05,5.37,6
23.08,24.31,5.92,2.06
25.14,21.81,6.72,0
27.26,22.29,7.55,17.87
28.43,33.48,7.69,13.22
27.65,44.78,7.36,85.28
24.11,69.27,5.86,78.58
23.67,80,5.22,68.86
24.15,72.97,5.37,51.38
25.06,63.01,5.79,88.61
23.86,56.76,5.48,80.47
22.64,43.62,5.28,84.34
22.71,34.31,5.38,3.13
21.92,24.31,5.9,12.94
24.1,21.59,6.65,9.96
27.05,23.02,7.47,0.01
28.94,33.45,7.71,17.68
27.72,44.78,7.36,84.98
24.74,69.27,5.89,123.87
24.44,79.61,5.3,59.12
23.94,72.97,5.38,77.59
24.73,63.01,5.75,295.76
24.8,56.39,5.5,99.12
23.29,44.51,5.33,89.34
22.7,34.37,5.4,13.08
22.39,24.31,5.93,0.27
23.64,21.78,6.66,0
26.02,23.02,7.41,22.35
28.34,33.48,7.64,60.18
27.56,44.78,7.33,97.91
25.17,69.08,5.88,78.89
25.04,80,5.33,52.26
24.42,72.97,5.4,110.79
25.69,63.01,5.79,74.39
24.7,56.37,5.51,147.22
23.7,44.17,5.37,35.91
22.28,34.31,5.39,35.7
22.17,24.31,5.86,0
25.47,21.78,6.72,2.21
27.65,23.02,7.57,0.01
27.68,33.48,7.67,84.86
27.39,44.84,7.29,190.84
25.4,69.6,5.91,32.82
23.89,80,5.28,210.73
23.9,72.97,5.38,170.87
24.11,63.01,5.69,269.87
24.69,56.99,5.47,16.34
23.27,43.88,5.36,30.73
21.98,34.31,5.36,20.97
22.21,24.02,5.89,0
24.18,21.78,6.69,0
26,23.02,7.43,6.39
28.18,33.48,7.64,13.23
27.45,44.78,7.33,91.95
24.64,69.27,5.89,107.97
23.69,80,5.24,187.27
23.78,72.97,5.36,45.23
24.44,63.01,5.71,171.65
24.79,56.56,5.48,216.09
23.23,43.88,5.35,8.09
22.24,34.31,5.37,2.78
22.44,24.31,5.9,0.73
24.67,21.78,6.69,0.07
27.12,23.02,7.5,4.31
28.8,33.48,7.73,35.09
26.09,44.65,7.28,192.02
24.39,69.27,5.84,57.48
23.81,80,5.26,38
23.68,72.97,5.34,83.69
25.02,63.01,5.75,66.69
24.31,56.49,5.49,171.39
23.3,44.27,5.34,32.68
22.12,34.31,5.34,5.7
23.48,24.31,5.94,0.06
24.87,21.78,6.72,0
27.72,23.02,7.55,0.01
28,33.48,7.68,54.35
27.72,44.78,7.35,203.26
24.58,69.27,5.9,190.55
23.41,80,5.24,70.84
23.47,72.97,5.32,90.58
24.96,63.01,5.77,94.72
24.32,56.37,5.5,271.79
22.64,43.88,5.32,22.74
21.78,34.31,5.37,0.13
21.41,24.31,5.82,0.01
24.77,21.78,6.69,0
26.69,23.02,7.5,0
28.27,33.48,7.68,11.43
26.92,44.78,7.3,107.12
24.76,69.27,5.86,162.64
24.2,80,5.28,148.61
23.95,72.97,5.37,84.85
24.62,63.01,5.74,112.17
24.45,56.37,5.48,156.36
23.53,43.88,5.37,49.7
21.31,34.31,5.34,0.28
22.27,24.31,5.87,0
24.08,21.78,6.67,0
26.72,23.02,7.48,25.33
28.37,33.48,7.65,43.58
27.83,44.78,7.34,113.03
25.27,69.27,5.9,127.68
24.17,80,5.28,88.69
24.29,72.97,5.4,95.59
24.06,63.01,5.71,156.85
24.2,56.37,5.45,181.58
23.14,43.88,5.35,25.04
21.49,34.31,5.33,50.1
22.48,24.31,5.88,0.59
24.63,21.78,6.69,0.69
27.09,23.02,7.51,4.97
27.81,33.48,7.65,22.13
27.69,44.78,7.33,84.81
24.93,69.27,5.91,46.8
23.58,80,5.25,100.82
24.45,72.97,5.38,53.43
24.78,63.01,5.78,54.25
24.2,56.37,5.5,203.58
22.38,43.88,5.32,30.75
21.12,34.31,5.3,4.48
22.31,24.31,5.86,13.2
25.04,21.78,6.72,0
26.65,23.02,7.5,15.69
28.29,33.48,7.69,36.49
26.29,44.78,7.24,168.03
25.93,69.27,5.91,91.37
24.07,80,5.28,98.92
24.52,72.97,5.4,162.94
24.67,63.01,5.76,162.62
24.5,56.37,5.45,185.89
24.47,43.88,5.39,18.61
22.21,34.31,5.38,0.13
23.04,17.33,6.06,0
24.47,10.98,6.89,0
27.23,21.25,7.56,0.03
27.78,32.37,7.66,102.95
28.26,42.95,7.39,121.92
25.01,75.34,5.8,204.33
24.45,84.12,5.22,52.69
23.99,78.67,5.29,209.42
24.37,75.73,5.5,176.55
24,53.83,5.49,179
23.73,51.79,5.23,15.52
21.75,47.82,5.1,12.57
22.54,29.47,5.79,3.85
24.64,15.56,6.83,0
26.63,27.22,7.45,22.47
26.88,33.38,7.58,77.31
27.6,44.12,7.28,81.28
26.34,65.41,6.02,77.17
24.68,86.91,5.2,33.45
24.35,76.02,5.34,120.1
25.14,62.62,5.78,161.1
24.9,44.1,5.71,302.89
24.37,52.46,5.22,153.78
23.05,45.84,5.2,25.03
23.5,22.32,5.98,0
25.7,17.5,6.82,0.01
27.96,19.93,7.62,0.01
29.04,28.48,7.82,96.04
28.06,49.27,7.27,118.63
26.17,73.94,5.9,61.74
24.44,81.05,5.29,216.79
24.62,75.64,5.37,262.07
24.53,73.41,5.56,148.7
24.5,57.76,5.43,216.56
23.84,42.34,5.39,49.52
22.32,43.13,5.22,28.1
22.65,20.88,5.97,0
24.57,18.01,6.74,8.51
27.53,25.95,7.49,0.02
28.03,31.51,7.75,76.98
25.86,57.74,7,224.89
24.61,66.09,5.88,73.72
24.15,84.39,5.17,103.1
24.42,71.23,5.42,69.17
25.11,59.76,5.84,102.12
24.66,55.88,5.5,194.64
23.51,34.65,5.53,55.79
22.01,39.58,5.24,3.12
23.18,21.11,5.98,0
25.03,35.93,6.47,9.83
26.6,19.11,7.56,0
28.23,31.21,7.72,81.99
26.77,44.36,7.32,78.12
24.26,83.3,5.57,93.18
23.89,79.09,5.28,102.94
23.95,73.17,5.37,200.52
24.84,62.23,5.78,138.41
24.39,57.89,5.43,278.02
23.73,37.48,5.51,9.85
21.81,33.78,5.36,8.56
23.18,34.74,5.69,0.59
26.11,18.78,6.83,0.01
27.4,26.58,7.5,5.12
28.28,37.32,7.61,103.22
27.46,43.79,7.35,65.99
25.02,82.93,5.62,37.55
24.58,83,5.25,93.95
24.02,76.46,5.3,67.62
25.27,67.02,5.71,152.6
24.2,58.57,5.43,160.36
23.8,43.2,5.38,28.67
22.14,42.93,5.19,4.92
23.25,32.71,5.78,0.66
24.27,23.59,6.66,0.14
27.43,25,7.47,0.92
28.67,27.97,7.8,11.81
27.53,54.56,7.16,209.74
25.15,78.28,5.72,165.83
24.78,73.09,5.43,33.68
24.52,71.7,5.42,44.37
25.74,53.88,5.96,58.13
25.1,57.62,5.5,178.97
23.64,38.52,5.47,25.99
22.68,34.52,5.37,2.77
22.98,22.31,5.76,4.46
25.19,23.76,6.31,0.59
26.42,25.07,6.83,31.3
27.84,34.14,6.99,18.38
26.29,45.52,6.43,124.77
24.4,74.03,5.05,884.79
22.69,80.45,4.39,1226.3
23.01,75.78,4.45,735.45
23.28,65.94,4.95,275.88
23.76,60.61,5,127.05
23.25,42.63,5.18,69.91
22.47,29.7,5.37,0.67
22.23,24.17,5.7,0
24.31,18.85,6.34,0
26.84,22.98,6.9,1.03
26.87,34.84,6.92,110.71
26.72,42.58,6.46,34.41
24.65,62.74,5.26,437.18
23.32,79.07,4.43,475.02
23.44,72.56,4.53,443.21
24.03,62.06,5.02,143.18
25.38,51.08,5.22,73.91
24.71,47.97,5.15,141.14
24.17,32.5,5.4,0.49
23.52,21.13,5.82,0
25.33,23.03,6.33,0.6
27.05,24.96,6.86,33.01
27.64,35.6,6.96,92.76
26.32,45.73,6.42,192.04
24.29,69.98,5.11,533.44
23.13,80.45,4.4,530.93
23.63,74.53,4.49,546.45
24.3,63.14,5.05,310.2
24.55,54.09,5.15,313.24
24.77,48.21,5.14,157.43
23.4,30.24,5.4,0.22
23.85,25.61,5.75,2.85
24.85,23.04,6.34,15.82
26.51,23.91,6.87,6.79
27.16,33.64,6.97,30.66
26.08,45.71,6.42,219.16
23.21,71.57,5.03,644.24
22.67,81.41,4.34,1085.98
23.1,74.68,4.48,455.2
23.73,62.98,5,178.25
24.65,51.91,5.17,126.82
24.72,44.74,5.18,130.88
23.76,37.04,5.25,79.83
24.55,27.79,5.75,0
25.29,25.72,6.33,11.47
26.43,23.67,6.88,36.94
27.26,31.63,6.96,70.43
26.81,42.79,6.47,123.24
24.95,66.69,5.22,764.62
22.87,81.68,4.38,392.48
23.29,72.91,4.51,772.32
24.06,64.91,4.99,321.6
24.83,52.03,5.19,171.77
24.48,51.4,5.06,170.91
24.38,33.63,5.36,0.22
23.53,21.53,5.82,0
25.17,20.71,6.39,0
26.82,23.1,6.89,3.29
27.57,34.86,6.92,63.38
27.32,42.83,6.53,146.74
23.85,74.08,5.03,600.98
23.31,79.84,4.4,1189.38
23.49,73.35,4.51,361.14
23.95,61.59,5.05,400.32
24.67,49.31,5.25,139.86
24.11,41.73,5.22,137.27
23.7,32.96,5.34,1.08
23.66,23.73,5.8,0.97
24.6,21.53,6.37,0
26.09,24.14,6.83,63.13
27.16,34.27,6.91,34.75
26.77,44.62,6.46,193.39
24.15,69.75,5.11,237.74
23.5,80,4.43,548.65
22.68,73.37,4.49,884.56
23.85,62.93,4.99,304.4
24.74,54.02,5.16,128.94
24.09,42.4,5.22,42.24
23.54,32.75,5.35,12.23
23.53,23.47,5.79,0
25.17,21.91,6.38,0
26.96,24.26,6.88,0
27.64,34.27,6.99,30.97
26.69,44.71,6.47,183.59
24.33,69.04,5.13,560.65
23.57,80,4.41,466.73
23.61,73.37,4.51,469.3
24.33,62.93,5.01,160.86
25.57,53.58,5.19,137.69
24.74,42.74,5.26,47.21
23.92,32.27,5.38,2.56
23.7,23.47,5.79,0
25.4,22.08,6.36,0
26.99,24.02,6.89,0
27.76,34.27,6.94,0.55
27.75,44.71,6.49,113.79
25.19,69.04,5.18,1121.38
23.98,79.8,4.46,688.71
23.49,73.37,4.54,699.29
23.81,62.93,5.02,201.21
24.63,54.38,5.16,179.42
23.9,42.83,5.18,41.95
23.91,32.27,5.35,34.03
23.94,23.47,5.81,0.12
24.95,22.08,6.37,7.88
26.26,24.02,6.86,65.39
26.91,34.27,6.89,80.08
27.82,44.71,6.52,64
23.72,69.45,5.13,440.66
22.88,80,4.38,600.49
23.33,73.37,4.5,325.71
23.96,62.93,5.02,404.6
24.3,53.52,5.16,134.49
24.24,42.17,5.21,1.48
23.72,32.12,5.35,18.88
24.63,23.47,5.82,1.35
25.5,21.53,6.39,0
27.27,23.4,6.93,18.31
27.81,34.27,6.97,38.96
26.76,44.71,6.49,103.89
23.39,69.04,5.09,648.41
23.19,80,4.38,529.87
23.37,73.37,4.5,402.35
24.43,62.93,5.05,132.48
24.14,53.61,5.16,205.43
24.05,42.14,5.18,80.55
24.35,32.27,5.37,3.25
23.77,23.47,5.82,8.21
24.68,21.54,6.34,6.38
27.3,24.02,6.88,1.75
28.05,34.27,6.97,11.04
27.25,44.71,6.5,92.93
24.3,69.04,5.12,760.07
23.86,79.75,4.45,460.89
23.16,73.37,4.5,496.76
24.44,62.93,5.02,357.05
25.19,53.31,5.19,112.63
24.49,42.64,5.22,107.05
24.26,32.27,5.37,7.87
23.92,23.47,5.84,0
24.52,21.53,6.36,0.31
26.27,24.02,6.82,14.82
27.58,34.27,6.93,44.57
27.13,44.71,6.46,108.17
24.49,69.02,5.12,523.25
24.41,80,4.46,394.97
23.74,73.37,4.5,516.47
25.33,62.93,5.07,157.42
25.16,53.52,5.2,200.44
25.02,42.36,5.26,33.17
24.11,32.27,5.4,58.95
23.83,23.47,5.79,0
25.86,21.53,6.39,0
27.22,24.02,6.92,4.19
27.57,34.27,6.97,98.56
27.1,44.63,6.46,184.92
24.77,69.21,5.15,461.07
23.59,80,4.43,1227.59
23.58,73.37,4.53,812.09
23.95,62.93,5.02,415.05
24.92,53.81,5.17,34.9
24.48,42.26,5.24,30.51
23.71,32.27,5.36,17.59
23.93,23.47,5.81,0
24.85,21.53,6.38,0
26.27,24.02,6.85,12.4
27.53,34.27,6.95,46.67
26.89,44.71,6.47,107.9
23.89,69.04,5.11,665.97
23.17,80,4.4,991.69
23.29,73.37,4.5,303.82
24.13,62.93,5.03,215.05
24.9,53.49,5.16,190.07
24.59,42.26,5.25,13.59
23.79,32.27,5.36,2.22
23.94,23.47,5.81,0.24
25,21.53,6.38,0
26.48,24.02,6.85,1.52
27.71,34.27,6.98,32.12
25.86,44.71,6.41,258.25
24.17,69.04,5.1,408.27
23.36,80,4.4,501.13
23.17,73.37,4.49,408.94
24.47,62.93,5.03,90.05
24.83,53.41,5.19,164.27
24.31,42.45,5.22,56.62
23.88,32.27,5.34,3.7
24.56,23.47,5.83,0
25.36,21.53,6.39,0
27.27,24.02,6.92,2
27.27,34.27,6.93,63.61
27.37,44.71,6.47,160.88
24.51,69.04,5.17,1002.82
22.86,80,4.4,759.68
22.93,73.37,4.48,518.26
24.66,62.93,5.04,136.18
24.52,53.52,5.18,213.71
24.2,42.26,5.23,24.17
22.94,32.27,5.35,0.22
22.99,23.47,5.75,0
24.82,21.53,6.33,0
26.86,24.02,6.86,0
27.66,34.27,6.98,35.85
26.79,44.71,6.45,136.42
24.65,69.04,5.14,955.72
23.33,80,4.41,1011.41
23.44,73.37,4.51,532.29
24.22,62.93,5.04,251.24
24.37,53.52,5.16,225.03
24.59,42.26,5.26,131.67
22.88,32.27,5.34,0.22
23.6,23.47,5.78,0
24.95,21.53,6.37,0
26.15,24.02,6.84,27.38
27.65,34.27,6.94,35.39
27.37,44.71,6.48,125.63
24.56,69.04,5.17,728.49
23.21,80,4.4,783.88
23.77,73.37,4.52,475.81
23.87,62.93,5.02,138.36
24.63,53.52,5.16,217.63
24.47,42.26,5.25,46.51
23.36,32.27,5.34,54.06
23.8,23.47,5.79,0
24.96,21.53,6.36,0
27.16,24.02,6.89,8.84
26.99,34.27,6.92,66.81
27.2,44.71,6.47,74.91
24.09,69.04,5.14,599.88
23.06,80,4.4,1148.32
23.58,73.37,4.51,431.57
24.22,62.93,5.04,116.17
24.57,53.52,5.18,275.96
23.97,42.26,5.22,26.79
22.92,32.27,5.33,5.86
23.56,23.47,5.76,6.78
25.46,21.53,6.39,0
26.37,24.02,6.86,8.47
27.52,34.27,6.94,42.33
26.31,44.71,6.41,156.16
25.48,69.04,5.17,509.58
23.79,80,4.45,707.79
23.94,73.37,4.56,686.28
24.33,62.93,5.04,236.01
24.95,53.52,5.17,190.94
25.03,42.26,5.27,18.69
23.68,32.27,5.36,0.22
24.11,18.24,5.91,0
25.25,14.16,6.51,0.31
27.18,21.74,6.95,12.12
27.27,32.3,6.96,70.14
27.79,40.81,6.57,89.12
24.7,71.2,5.12,1096.26
23.78,84.72,4.36,571.63
23.54,79.3,4.43,762.68
24.13,75.5,4.8,278.49
24.3,51.26,5.18,212.34
24.74,45.94,5.18,5.12
23.2,44.81,5.12,22.35
23.7,26.6,5.73,3.32
24.94,16.82,6.46,0
26.68,26.88,6.83,23.35
26.53,30.83,6.95,48.99
27.17,41.44,6.49,66.98
25.4,64.6,5.25,699.1
24.02,85.6,4.36,705.76
23.66,78.11,4.44,787.93
24.8,58.8,5.13,184.67
25.41,40.28,5.42,270.78
25.51,48.83,5.14,141.52
24.91,43.33,5.2,44.54
24.59,23.47,5.84,0
26.02,18.72,6.47,2.6
27.39,20.48,6.98,3.3
28.33,30.03,7.06,59.07
27.74,45.98,6.48,149.07
25.3,72.71,5.13,652.34
23.9,79.24,4.45,1209.64
24.1,74.18,4.55,978.21
24.07,74.58,4.8,294.28
24.7,52.78,5.16,226.52
24.8,40.26,5.29,54.66
23.91,42.46,5.19,34.12
23.92,21.23,5.83,0
25.4,20.45,6.39,5.35
27.35,25.99,6.88,7.93
27.41,35.54,6.97,56.98
25.46,60.68,6.11,242.27
23.85,65.8,5.12,568.65
23.38,85.26,4.31,806.07
23.8,70.98,4.57,323.73
24.65,58.98,5.13,93.02
24.97,53.55,5.18,302.61
24.67,34.45,5.39,39.71
23.61,37.21,5.24,1.06
24.42,22.86,5.83,0
25.29,34.06,6.17,4.54
26.4,20.02,6.93,0
27.58,33.12,6.99,72.84
26.23,44.62,6.46,88.64
23.76,78.8,4.91,524.65
23.27,77.03,4.45,684.49
23.31,73.29,4.5,769.96
24.4,61.3,5.06,226.73
24.67,53.78,5.16,260.45
24.97,38.8,5.32,37.5
23.38,33.31,5.32,23.13
24.43,32.65,5.61,0
26.14,21.65,6.43,1.3
26.88,25.84,6.86,1
27.6,38.67,6.88,123.81
26.8,44.21,6.46,115.04
24.52,77.52,4.98,317.99
23.78,82.25,4.4,838.94
23.47,74.84,4.49,392.59
24.73,64.1,5.04,188.97
24.56,54.72,5.14,178.45
25.02,40.84,5.28,50.31
23.87,40.99,5.2,4.64
24.33,31.18,5.68,0
25.13,24.21,6.33,0.58
27.54,25.02,6.88,1.3
28.02,31.07,7.05,21.09
27.2,51.01,6.38,220.16
24.49,76.57,5,838.3
23.97,71.07,4.6,305.62
23.86,74.08,4.51,399.99
25.15,51.75,5.28,81.84
25.36,55.93,5.16,289.84
24.97,38.56,5.33,39.93
24.17,34.99,5.32,1.71
23.97,23.83,5.79,0.2
25.4,23.59,6.28,1.29
26.99,25.53,6.77,45.49
27.72,38.45,6.71,22.54
27.44,46.1,6.36,179.68
23.99,75.64,5.01,884.78
23.61,79.37,4.5,1139.54
23.82,72.74,4.63,642.89
24.56,63.05,5.07,271.55
24.96,54.6,5.15,153.64
24.73,46.33,5.11,84.98
24.36,36.6,5.26,2.65
24.22,26.37,5.74,0
25.24,24.38,6.28,0
26.43,26.36,6.73,5.16
27.39,37.6,6.71,137.49
26.96,48.12,6.29,120.4
24.29,71.29,5.08,144.04
23.9,79.96,4.54,454.94
23.21,73.06,4.61,410.4
24.25,64.23,5.03,130.74
25.03,57.59,5.1,108.57
24.41,46.75,5.1,167.12
24.01,36.13,5.25,2.83
24.02,26.21,5.72,0
25.61,24.72,6.26,4.45
27.21,26.45,6.76,39.04
27.94,37.6,6.76,100.09
26.94,48.12,6.29,236.87
24.75,70.64,5.11,646.87
24,79.96,4.54,471.15
24.1,73.06,4.64,448.2
24.9,64.23,5.05,290.27
25.94,57.17,5.15,399.79
25.26,47.15,5.13,188.15
24.37,35.71,5.27,0.3
24.26,26.21,5.73,4.03
26.09,24.77,6.29,4.99
27.51,26.32,6.79,1.07
28.15,37.6,6.74,49.27
28.19,48.12,6.31,190.82
25.81,70.64,5.19,593.05
24.49,79.83,4.58,875.9
24.06,73.06,4.66,317.35
24.33,64.23,5.04,102.28
25.15,57.64,5.09,134.03
24.49,47.21,5.1,192.46
24.46,35.71,5.26,39.34
24.47,26.21,5.76,0
25.26,24.81,6.28,17.2
26.43,26.32,6.74,25.44
27.08,37.6,6.68,69.9
28.08,48.12,6.33,165.63
24.1,71,5.11,772.01
23.39,79.96,4.49,493.12
23.8,73.06,4.62,449.92
24.6,64.23,5.05,308.92
24.7,57.09,5.09,172.07
24.82,46.75,5.11,241.1
24.26,35.7,5.25,0.34
25.03,26.21,5.76,0.03
25.92,24.38,6.29,0
27.64,25.83,6.8,17.18
28,37.6,6.76,74.33
27.15,48.12,6.31,165.69
23.82,70.64,5.07,590.5
23.74,79.96,4.5,830.51
23.89,73.06,4.62,286.44
25,64.23,5.09,290.91
24.71,57.18,5.1,165.94
24.52,46.71,5.08,113.55
24.79,35.71,5.28,9.12
24.25,26.21,5.76,1.02
25.16,24.43,6.26,0
27.49,26.32,6.76,82.21
28.32,37.6,6.77,53.56
27.61,48.12,6.32,226.78
24.72,70.64,5.11,415.57
24.39,79.83,4.56,603.1
23.69,73.06,4.63,607.92
24.85,64.23,5.05,319.54
25.6,57.08,5.14,146.44
24.86,47.18,5.1,65.44
24.92,35.71,5.29,18.05
24.33,26.21,5.78,0
24.81,24.38,6.25,0
26.68,26.32,6.71,0.53
27.72,37.6,6.72,71.49
27.35,48.12,6.31,144.78
24.87,70.64,5.09,645.81
25.07,79.96,4.57,413.49
24.2,73.06,4.64,425.78
25.86,64.23,5.11,120.04
25.54,57.09,5.15,150.96
25.45,46.76,5.12,94.12
24.7,35.71,5.31,6.26
24.23,26.21,5.73,0.08
26.33,24.38,6.29,0
27.6,26.32,6.8,0.18
27.61,37.6,6.76,6.46
27.22,47.97,6.28,208.79
25.28,70.65,5.13,914.66
24.09,79.96,4.54,625.86
24.12,73.06,4.65,580.02
24.45,64.23,5.04,175.16
25.45,57.37,5.1,170.81
24.9,46.75,5.12,83.41
24.3,35.71,5.26,87.49
24.33,26.21,5.76,1.69
25.07,24.38,6.28,17.55
26.45,26.32,6.72,103.4
27.68,37.6,6.72,83.51
27.17,48.12,6.3,111.34
24.36,70.64,5.1,387.65
23.51,79.96,4.5,723.97
23.86,73.06,4.62,158.57
24.64,64.23,5.05,290.41
25.28,57.03,5.12,228.78
24.91,46.75,5.11,21.75
24.34,35.71,5.27,39.47
24.26,26.21,5.74,2.88
25.51,24.38,6.29,0
26.95,26.32,6.76,28.4
28.05,37.6,6.77,30.01
26.23,48.12,6.26,139.58
24.66,70.64,5.08,584.86
23.79,79.96,4.53,467.55
23.7,73.06,4.62,317.17
24.98,64.23,5.05,136.19
25.24,56.96,5.12,147.48
24.78,46.84,5.11,134.71
24.4,35.71,5.25,6.99
25.2,26.21,5.78,17.5
25.78,24.38,6.3,8.61
27.51,26.32,6.79,4.22
27.55,37.6,6.72,13.16
27.8,48.12,6.31,131.48
24.81,70.64,5.15,789.89
23.38,79.96,4.51,407.08
23.35,73.06,4.58,415.93
25.22,64.23,5.05,375.25
24.94,57.09,5.13,150.64
24.51,46.75,5.11,145.48
23.63,35.71,5.26,12.82
23.39,26.21,5.69,0
25.26,24.38,6.26,0.02
26.77,26.32,6.74,17.8
27.86,37.6,6.75,59.88
27.05,48.12,6.28,103.43
25,70.64,5.11,546.81
23.69,79.96,4.53,350.96
23.9,73.06,4.62,479.98
24.74,64.23,5.05,107.14
24.78,57.09,5.1,252.42
24.89,46.75,5.12,43.75
23.5,35.71,5.25,67.21
24.06,26.21,5.72,0
25.33,24.38,6.28,0.01
26.62,26.32,6.73,7.77
27.81,37.6,6.71,127.46
27.56,48.12,6.3,261.94
24.85,70.64,5.13,406.97
23.64,79.96,4.5,1114.34
24.28,73.06,4.64,667.6
24.53,64.23,5.05,367.16
24.94,57.09,5.1,33.67
24.85,46.75,5.12,58.5
23.91,35.71,5.25,22.29
24.27,26.21,5.73,0.08
25.47,24.38,6.26,0
27.33,26.32,6.79,8.71
27.16,37.6,6.71,37.53
27.47,48.12,6.3,136.82
24.65,70.64,5.13,681.82
23.56,79.96,4.5,896.37
24.12,73.06,4.62,271.04
24.86,64.23,5.07,214.54
24.99,57.09,5.12,263.26
24.5,46.75,5.11,25.47
23.62,35.71,5.23,3.11
24.21,26.21,5.7,0.6
25.97,24.38,6.3,0.01
26.69,26.32,6.76,2.15
27.71,37.6,6.75,28.22
26.57,48.12,6.23,380.93
25.83,70.64,5.12,399.93
24.24,79.96,4.56,477
24.44,73.06,4.66,323.47
24.86,64.23,5.05,87.03
25.42,57.09,5.11,200.11
25.47,46.75,5.15,85.02
24.15,35.71,5.26,6.3
24.66,21.95,5.84,0
25.61,16.16,6.43,0.01
27.43,24.09,6.82,3.81
27.45,36.77,6.73,66.6
28.06,45.75,6.35,174.85
25.14,74.27,5.08,1049
24.22,85.82,4.44,655.51
24.04,80.9,4.49,429.32
24.7,77.84,4.83,78.7
24.88,56.54,5.1,265.05
25.18,52.24,5.04,41.6
23.67,49.56,5.02,0.3
24.35,30.75,5.63,0.01
25.51,19.15,6.38,0
26.94,29.95,6.71,0.18
26.68,34.56,6.73,50.06
27.45,48.06,6.26,170.92
25.83,67.91,5.22,917.42
24.4,86.73,4.45,981.76
24.28,76.56,4.6,440.75
25.33,63.77,5.09,178.93
25.65,46.23,5.33,248.56
25.83,54.41,5.01,144.03
25.41,48.33,5.09,0.35
25.16,26.88,5.77,0
26.52,21.02,6.39,0
27.82,23.39,6.85,24.32
28.43,34.08,6.83,36.71
27.9,51.84,6.25,140.81
25.69,76.6,5.06,723.67
24.21,80.15,4.54,660.82
24.54,75.08,4.62,373.41
24.66,75.52,4.86,131.42
25.19,57.9,5.08,245.55
25.29,45.14,5.16,87.62
24.54,47.36,5.07,69.1
24.51,24.48,5.78,0.01
25.65,23.12,6.31,0.1
27.74,28.7,6.76,10.22
27.49,37.81,6.77,81.71
25.79,65.27,5.91,90.51
24.35,66.72,5.15,532.76
23.85,85.31,4.41,994.49
24.34,70.28,4.68,336.56
25.3,60.35,5.17,106.75
25.35,60.08,5.07,294.16
25.08,38.9,5.27,52.33
24.2,41.56,5.15,9.68
24.85,27.24,5.75,12.77
25.81,38.66,6.03,0
26.89,22.94,6.82,11.67
27.72,37.26,6.75,53.54
26.66,49.1,6.26,209.61
24.1,82.04,4.87,560.25
23.8,77.02,4.58,658.91
23.79,74,4.6,610
24.94,64.72,5.05,212.72
25.1,58.41,5.08,181.34
25.35,43.52,5.2,31.49
24.03,36.63,5.23,0.3
24.97,38.01,5.51,0.04
26.75,23.85,6.34,0.03
27.35,29.21,6.76,22.24
27.72,44.1,6.64,88.88
27.11,50.36,6.24,110.45
24.87,81.25,4.92,1016.33
24.2,81.87,4.51,547.96
23.98,74.55,4.6,684.65
25.34,68.3,5.01,250.21
24.96,59.07,5.07,233.67
25.29,47.52,5.11,11.36
24.41,45.18,5.09,42.16
25.01,35.65,5.61,4.45
25.35,27.82,6.21,0
27.73,27.79,6.76,27.14
28.09,34.61,6.82,53.34
27.32,58.32,6.13,88.49
24.9,78.72,4.97,626.55
24.5,71.75,4.71,692.3
24.49,72.61,4.64,613.97
25.89,54.28,5.29,203.24
25.75,60.56,5.1,312.21
25.35,45.41,5.16,224.01
24.84,39.44,5.22,38.98
23.88,21.19,5.82,8.37
25.96,22.98,6.31,0.2
27.13,25.11,6.75,7.36
28.88,32.95,6.94,19.91
27.38,43.88,6.47,151.32
25.91,71.88,5.2,805.4
24.07,79.81,4.49,671.45
24.26,75.62,4.55,543.8
24.44,65.8,4.96,249.58
24.89,58.56,5.06,116.93
24.35,39.89,5.3,72.5
23.51,27.84,5.44,1.59
23.41,22.96,5.78,0
25.26,17.85,6.35,0
27.65,22.96,6.82,1.02
27.86,33.84,6.88,85.51
27.72,40.78,6.5,29.29
25.82,61.06,5.39,823.09
24.51,78.77,4.52,331.74
24.89,72.38,4.64,398.08
25.09,61.79,5.04,139.81
26.65,46.5,5.32,35.31
26.18,45.47,5.26,159.28
25.61,31.36,5.48,3.43
24.63,20.17,5.91,0
26.38,22.1,6.34,0.82
28.09,24.98,6.82,13.15
28.58,34.59,6.9,70.65
27.69,43.93,6.48,216.49
25.65,67.76,5.26,544.52
24.38,80.09,4.48,529.48
24.9,74.65,4.57,352.17
25.22,63.14,5.05,271.55
25.71,50.14,5.2,273.03
26.17,46.11,5.26,133.02
24.41,28.86,5.47,0.17
25.01,24.43,5.84,0.11
25.74,22.1,6.35,17.92
27.4,23.78,6.79,3.06
28.13,32.18,6.92,38.44
27.27,43.93,6.48,234.05
24.53,69.42,5.18,524.07
24.02,80.74,4.43,851.03
24.38,74.33,4.56,474.18
24.8,62.81,5.03,177.17
25.63,48.48,5.24,140.6
25.99,42.69,5.31,110.7
24.86,35.2,5.33,115.43
25.65,27.25,5.8,0
26.06,24.27,6.35,2.52
27.21,23.04,6.81,20.02
28.19,30.5,6.93,48.59
27.95,40.29,6.52,107.78
26.5,64.07,5.34,634.42
24.66,80.88,4.52,229.2
24.4,72.69,4.59,648.92
25.21,64.13,5.01,284.36
26.05,49.3,5.25,171.99
25.66,49.52,5.17,174.47
25.52,32.03,5.44,0.17
24.67,20.77,5.88,0
26.25,19.82,6.4,0
27.79,22.99,6.82,0
28.56,33.46,6.88,56.71
28.59,40.9,6.59,139.36
25.33,71.94,5.18,532.43
24.51,79.53,4.49,1020.66
24.74,73.37,4.6,300.65
24.88,61.22,5.06,400.8
25.81,45.21,5.34,140.86
25.11,38.98,5.34,204.65
24.63,31.23,5.42,1.77
24.54,22.62,5.86,1.44
25.34,20.6,6.35,0
26.91,24.07,6.76,35.43
28.1,33.16,6.86,25.58
27.95,42.79,6.52,135
25.57,67.53,5.26,255.14
24.64,79.47,4.54,349.89
23.87,73.22,4.56,1027.9
24.95,62.7,5.02,184.94
25.9,50.71,5.23,141.98
25.24,40.06,5.33,32.93
24.79,31.15,5.42,3.48
24.68,22.3,5.86,0
26.07,20.98,6.37,0
27.73,24.23,6.82,0
28.54,33.13,6.92,22.36
27.84,42.93,6.51,259.33
25.81,66.95,5.27,454.3
24.92,79.47,4.53,373.77
24.87,73.22,4.6,361.05
25.41,62.7,5.03,219.17
26.69,50.22,5.25,112
25.85,40.24,5.36,56.85
25.19,30.69,5.45,1.23
24.76,22.3,5.88,0
25.88,21.19,6.37,0
27.53,23.9,6.8,0
28.49,33.13,6.86,0.49
28.88,42.93,6.52,87.1
26.6,66.95,5.32,975.81
25.3,79.33,4.56,488.83
24.74,73.22,4.64,604.39
24.96,62.7,5.04,208.73
25.73,51.18,5.23,148.07
24.9,40.42,5.3,46.34
25.04,30.69,5.42,30.11
24.95,22.3,5.88,0.49
26.12,21.21,6.38,2.41
27.41,23.9,6.82,51.51
28.04,33.13,6.83,71.84
29.09,42.93,6.56,34.84
25.12,67.24,5.27,607.48
24.28,79.47,4.48,387.28
24.56,73.22,4.59,220.36
25.03,62.7,5.04,406.44
25.45,50.19,5.22,166.87
25.32,39.58,5.33,4.77
24.86,30.5,5.42,2.8
25.78,22.3,5.9,1.02
26.34,20.6,6.41,0
28.16,23.32,6.82,9.1
28.9,33.13,6.94,39.54
27.85,42.93,6.54,87.01
24.67,66.95,5.23,633.91
24.54,79.47,4.48,441.25
24.55,73.22,4.59,372.81
25.5,62.7,5.07,112.98
25.19,50.27,5.22,221.51
25.25,39.6,5.3,63.49
25.56,30.69,5.46,2.31
24.85,22.3,5.89,6.23
25.55,20.61,6.33,3.46
28.27,23.9,6.81,0.53
29.03,33.13,6.93,10.24
28.42,42.93,6.55,69.53
25.71,66.95,5.27,662.29
25.13,79.19,4.55,383.21
24.37,73.22,4.59,437.97
25.63,62.7,5.04,275.85
26.32,49.99,5.27,88.91
25.66,40.11,5.34,104.41
25.37,30.69,5.46,6.36
25,22.3,5.89,0
25.57,20.6,6.38,0.31
27.11,23.9,6.77,8.71
28.63,33.13,6.88,30.02
28.35,42.93,6.52,105.27
25.83,66.85,5.27,457.84
25.66,79.47,4.55,328.45
25.08,73.22,4.62,390.82
26.39,62.7,5.09,172.13
26.25,50.19,5.27,170.55
26.17,39.92,5.37,31.84
25.29,30.69,5.46,61.53
24.98,22.3,5.87,0
26.74,20.6,6.41,0
28.01,23.9,6.82,1.83
28.81,33.13,6.92,80.6
28.41,42.85,6.52,132.77
26.13,67.09,5.3,488.29
24.95,79.47,4.54,934.1
24.84,73.22,4.61,665.95
25.06,62.7,5.04,385.03
25.95,50.47,5.23,36.67
25.65,39.74,5.34,22.47
24.82,30.69,5.43,16.17
25.08,22.3,5.89,0
25.89,20.6,6.4,0
27.13,23.9,6.78,10.15
28.62,33.13,6.88,52.54
28.06,42.93,6.52,89.44
25.17,66.95,5.25,595.2
24.53,79.47,4.5,745.85
24.54,73.22,4.6,252.26
25.2,62.7,5.04,203.09
25.92,50.11,5.23,132.24
25.79,39.74,5.34,11.76
24.98,30.69,5.44,2.04
25.12,22.3,5.89,0.1
25.83,20.6,6.41,0
27.06,23.9,6.77,0.76
28.59,33.13,6.92,28.98
27.1,42.9,6.48,205.87
25.49,66.95,5.25,380.23
24.72,79.47,4.52,432.74
24.41,73.22,4.59,351.53
25.51,62.7,5.06,78.41
25.95,50.1,5.25,141.59
25.36,39.98,5.33,56.77
25.03,30.69,5.42,2.4
25.44,22.3,5.9,0
26.25,20.6,6.4,0
28.06,23.9,6.82,0.86
28.3,33.13,6.89,61.12
28.53,42.93,6.51,131.93
26,66.95,5.31,841.62
24.21,79.47,4.51,675.67
24.28,73.22,4.56,446.89
25.79,62.7,5.06,150.41
25.61,50.19,5.24,155.59
25.47,39.74,5.36,21.61
23.89,30.69,5.42,0.17
24.1,22.3,5.83,0
25.52,20.6,6.33,0
27.9,23.9,6.79,0
28.7,33.13,6.91,31.89
28.11,42.93,6.5,118.73
26.13,66.95,5.28,864.46
24.77,79.47,4.53,756.82
24.73,73.22,4.59,469.12
25.33,62.7,5.06,271.37
25.43,50.19,5.22,205.92
25.78,39.74,5.37,153.73
23.95,30.69,5.42,0.17
24.7,22.3,5.85,0
25.8,20.6,6.39,0
26.83,23.9,6.75,19.71
28.74,33.13,6.86,29.2
28.55,42.93,6.53,111.55
25.98,66.95,5.3,640.91
24.5,79.47,4.51,688.34
25.02,73.22,4.61,409.75
24.96,62.7,5.05,105.25
25.79,50.19,5.22,198.7
25.68,39.74,5.34,40.15
24.48,30.69,5.43,50.31
24.89,22.3,5.86,0
25.83,20.6,6.35,0
28.1,23.9,6.83,5.75
28.03,33.13,6.87,64.61
28.41,42.93,6.52,60.82
25.37,66.95,5.28,624.96
24.39,79.47,4.48,1020.08
24.78,73.22,4.6,411.34
25.3,62.7,5.06,111.14
25.69,50.19,5.24,259.94
25.13,39.74,5.34,20.2
24.02,30.69,5.41,4.4
24.51,22.3,5.82,5.73
26.32,20.6,6.42,0
27.22,23.9,6.79,4.38
28.63,33.13,6.91,34.52
27.64,42.93,6.47,121.11
26.94,66.95,5.3,418.3
25.2,79.47,4.56,561.41
25.26,73.22,4.65,513.67
25.43,62.7,5.06,214.64
26.07,50.19,5.24,183.43
26.06,39.74,5.37,17.02
24.8,30.69,5.44,0.17
25.16,16.24,5.98,0
26.23,14.16,6.51,0.31
28.09,21.27,6.89,5.31
28.38,29.87,6.94,49.31
28.98,37.02,6.65,64.91
26.14,65.96,5.32,984.92
25.08,83.75,4.45,481.28
24.82,78.2,4.52,542.55
25.23,74.3,4.85,256.96
25.32,46.69,5.27,203.64
25.86,41.03,5.33,4.26
24.33,41.9,5.23,17.08
24.6,23.64,5.83,3.37
25.61,15.96,6.46,0
27.58,25.52,6.78,14.55
27.65,28.4,6.94,37.03
28.4,36.8,6.59,49.36
26.66,61.17,5.42,697.64
25.39,83.76,4.49,620.2
24.89,78.5,4.52,713.69
25.86,55.96,5.18,137.8
26.61,35.11,5.52,216.77
26.69,45.02,5.29,119.22
26.11,40.5,5.3,52.57
25.58,21.75,5.91,0
26.77,17.97,6.47,1.37
28.06,19.43,6.89,1.45
29.45,27.69,7.02,36.48
29.03,41.52,6.57,123.23
26.64,68.41,5.3,657.81
25.31,77.56,4.58,870.83
25.38,72.64,4.67,719.34
25.13,74.68,4.84,259.78
25.74,47.74,5.26,179.28
25.84,35.46,5.43,55.93
24.93,39.79,5.28,26.19
24.81,19.45,5.91,0
26.45,19.85,6.4,2.68
28.15,24.94,6.82,3.5
28.54,34.57,6.92,36.66
26.73,58.23,6.2,192.52
25.1,63.72,5.27,557.83
24.72,84.39,4.38,679.52
25.06,70.69,4.67,259.33
25.58,58.62,5.14,73.06
26.05,48.11,5.29,292.78
25.84,31.96,5.51,28.64
24.75,33.7,5.36,0.67
25.46,20.74,5.93,0
26,31.31,6.2,2.22
27.14,19.02,6.86,0
28.68,30.56,6.96,57.3
27.37,41.75,6.52,84.64
25.16,74.63,5.09,466.86
24.58,75.79,4.56,560.61
24.56,72.85,4.59,573.61
25.48,59.46,5.11,238.48
25.79,48.65,5.27,208.04
26.12,36.97,5.43,34.53
24.45,31.75,5.41,18.16
25.42,29.23,5.73,0
26.84,21.28,6.43,0.68
27.53,24.17,6.82,0.49
28.73,35.41,6.85,88.27
28.02,40.53,6.56,92.9
25.92,72.71,5.16,307.59
25.09,81.45,4.5,695.59
24.73,73.7,4.59,335.95
25.78,61.68,5.1,163.54
25.65,50.16,5.22,154.31
26.23,36.87,5.42,56.03
25,38.57,5.29,4.12
25.22,28.21,5.76,0
26.22,23.31,6.32,0.59
28.5,23.93,6.83,0.59
29.12,29.23,7.02,21.44
28.47,45.76,6.48,166.75
25.84,73.42,5.17,733.49
25.23,69.39,4.72,239.85
25.04,74.8,4.58,397.22
26.09,50.25,5.3,64.94
26.41,51.67,5.25,266.43
26.15,35.1,5.46,31.34
25.23,33.03,5.39,1.1
22.42,26.73,5.77,0
24.88,27.41,6.41,4.66
26.34,28.16,7.03,17.99
27.8,38.99,7.11,21.12
26.2,50.37,6.64,183.27
23.78,76.29,5.34,386.93
23.04,80.54,4.93,406.63
23.28,75.47,5.06,267.53
23.45,67.09,5.38,180.77
23.38,64.73,5.15,170.18
22.63,50.25,5.08,123.5
21.89,35.74,5.27,9.55
21.25,28.16,5.7,0
23.2,22.72,6.36,0
26.31,26.07,7.06,0.34
26.53,39.35,7.02,147.86
26.93,47.67,6.66,133.67
25.13,64.43,5.63,99.77
23.79,78.4,5.04,109.21
23.52,72.21,5.12,286.52
24.34,63.63,5.49,75.46
24.65,58.08,5.33,144.14
23.48,54.6,5.05,206.62
22.99,37.45,5.29,3.27
22.7,25.61,5.83,0
24.39,27.05,6.39,9.38
26.2,28.03,7.02,31.99
27.45,40.31,7.08,95.48
25.7,51.57,6.57,225.67
24.47,73.24,5.41,358.62
23.45,80.18,4.95,205.98
24.02,73.75,5.11,149.61
24.45,64.09,5.51,164.32
24.08,61.86,5.22,405.59
23.57,54.46,5.04,199.54
22.62,35.79,5.3,0.47
22.89,29.78,5.77,0.2
24.06,27.29,6.37,15.96
26.08,27.65,7.02,2.03
27.37,39.01,7.08,65.12
25.8,50.78,6.62,115.6
23.35,74.64,5.34,208.62
22.76,81.86,4.87,275.95
23.18,74.85,5.05,164.39
24.04,64.55,5.44,88.04
24.4,58.6,5.28,136.29
23.76,50.85,5.12,156.55
22.79,43.71,5.13,40.48
23.54,32.56,5.72,0
24.71,30.95,6.35,33.65
26.24,28.06,7.02,8.07
27.51,36.81,7.13,43.44
26.56,49.38,6.66,170.51
24.51,71.9,5.49,443.65
22.39,82.02,4.87,263.87
23.62,72.71,5.11,151.63
23.95,67.25,5.4,243.5
24.15,58.3,5.29,168.93
23.45,57.72,4.94,236.39
23.47,39.54,5.26,2.33
22.58,25.67,5.82,0.14
24.33,24.71,6.43,0
26.13,26.54,7.06,12.46
27.18,40.28,7.03,67.22
26.99,47.69,6.72,128.87
23.47,77.03,5.33,281.17
23.17,79.01,4.95,257.54
23.44,72.71,5.09,114.84
24.47,63.44,5.5,172.94
24.33,57.68,5.32,157.68
23.71,48.83,5.14,90.37
23.4,39.25,5.27,19.96
23.24,28.25,5.8,1.28
24.45,25.55,6.45,0
25.91,27.39,7.02,90.77
27.28,38.94,7.06,35.95
26.53,49.78,6.67,141.81
23.77,72.78,5.41,256.07
23.76,79.97,4.99,328.59
23.11,73.18,5.1,248.77
23.93,64.55,5.44,178
24.23,60.2,5.26,143.81
23.36,49.31,5.14,47.21
22.52,38.59,5.24,19.55
22.58,28.18,5.76,0
24.62,25.96,6.42,0
26.59,27.49,7.06,2.38
27.74,38.94,7.12,76.7
26.55,49.78,6.67,142.58
24.31,71.96,5.44,368.85
23.8,79.97,4.99,129.81
23.97,73.18,5.12,192.49
24.63,64.55,5.47,113.63
25.15,59.95,5.3,136.95
24.08,49.71,5.17,113.23
22.78,38.14,5.27,6.78
22.95,28.18,5.76,0.24
25.79,25.96,6.46,0
27.31,27.28,7.12,0.24
28.28,38.94,7.13,8.39
27.68,49.78,6.71,153.43
25.34,71.96,5.52,387.08
24.3,79.84,5.04,235.47
23.83,73.18,5.14,257.22
23.86,64.55,5.45,137.24
24.35,60.3,5.26,84.86
23.46,49.67,5.12,92.17
23.03,38.14,5.26,97.8
23.24,28.18,5.82,3.12
23.77,25.99,6.43,29.67
25.21,27.28,6.99,94.56
26.69,38.94,6.99,68.21
27.5,49.78,6.69,85.15
23.85,72.5,5.44,252.45
23.26,79.97,4.95,410.62
23.6,73.18,5.11,50.58
24.31,64.55,5.49,142.65
23.88,59.76,5.25,266.65
23.61,49.27,5.14,41.69
22.97,38.11,5.25,28.04
23.58,28.18,5.8,5.09
25.02,25.55,6.46,0.67
26.81,26.79,7.1,30.25
27.66,38.94,7.1,17.29
26.84,49.78,6.69,113.73
23.7,71.96,5.43,259.58
23.45,79.97,4.95,214.37
23.78,73.18,5.11,135.59
24.74,64.55,5.52,98.64
23.96,59.95,5.27,86.78
23.16,49.27,5.11,159.44
23.38,38.14,5.28,8.74
22.78,28.18,5.79,24.88
24.1,25.55,6.4,13.86
26.54,27.28,7.02,2.82
28.01,38.94,7.11,14.96
27.13,49.78,6.69,113.46
24.37,71.96,5.45,391.92
24.16,79.77,5.01,190.35
23.48,73.18,5.11,188.54
24.41,64.55,5.46,296.9
24.8,59.76,5.3,135.11
23.59,49.82,5.14,148.43
23.49,38.14,5.29,21.61
22.94,28.18,5.82,0.01
23.66,25.55,6.41,0
25.76,27.28,6.98,26.28
27.44,38.94,7.06,70.48
26.95,49.78,6.66,103.15
24.7,71.96,5.46,253.5
24.79,79.97,5.04,152.32
24.03,73.18,5.13,272.35
25.55,64.55,5.53,69
24.81,59.76,5.31,207.64
24.18,49.39,5.17,61.29
23.27,38.14,5.3,94.79
22.84,28.18,5.77,0
25.39,25.55,6.46,0.28
26.98,27.28,7.13,4.64
26.97,38.94,7.06,107.69
26.71,49.68,6.63,218.05
25.01,71.96,5.49,173.17
23.78,79.97,5,585.1
23.77,73.18,5.12,341.34
24.06,64.55,5.46,270.79
24.74,60.14,5.27,18.88
23.72,49.31,5.16,67.83
22.81,38.14,5.26,38.37
22.89,28.15,5.79,1.07
23.99,25.55,6.43,0
25.64,27.28,7,5.21
27.35,38.94,7.05,21.29
26.69,49.78,6.66,112.92
24.2,71.96,5.46,339.62
23.39,79.97,4.96,491.48
23.6,73.18,5.11,125.63
24.26,64.55,5.46,165.66
24.62,59.74,5.28,261.43
23.61,49.31,5.14,22.57
23,38.14,5.27,5.28
22.83,28.18,5.78,1.35
24.65,25.55,6.43,0.4
26.53,27.28,7.05,4.24
27.92,38.94,7.13,33.18
25.78,49.76,6.62,247.06
24.37,71.96,5.42,181.34
23.57,79.97,4.98,194.6
23.43,73.18,5.09,158.25
24.73,64.55,5.49,61.89
24.43,59.74,5.28,210.34
23.7,49.4,5.14,77.31
22.96,38.14,5.23,14.76
24.02,28.18,5.84,0.1
24.77,25.55,6.46,0.52
26.96,27.28,7.1,3.18
27.27,38.94,7.07,57.73
27.26,49.78,6.67,193.39
24.32,71.96,5.49,582.93
23.19,79.97,4.97,277.26
23.1,73.18,5.06,202.29
24.83,64.55,5.5,61.64
24.15,59.76,5.29,304.92
23.13,49.31,5.13,40.57
22.51,38.14,5.26,0.73
21.91,28.18,5.72,0.26
24.54,25.55,6.42,0
25.85,27.28,7.02,0.12
27.44,38.94,7.08,26
26.34,49.78,6.65,131.21
24.43,71.96,5.45,485.17
23.52,79.97,4.98,478.73
23.66,73.18,5.11,190.82
24.34,64.55,5.49,105.5
24.15,59.76,5.27,207.96
23.8,49.31,5.17,104.01
22.17,38.14,5.23,1.84
22.67,28.18,5.77,0.01
24.21,25.55,6.41,0.08
26.15,27.28,7.03,31.65
27.48,38.94,7.08,43.73
27.13,49.78,6.68,121.96
24.67,71.96,5.49,377.34
23.6,79.97,4.97,300.08
24.05,73.18,5.14,182.51
24.07,64.55,5.48,125.08
24.17,59.76,5.27,210.16
23.56,49.31,5.14,93.25
22.54,38.14,5.24,113.5
23.02,28.18,5.78,0.34
24.56,25.55,6.43,1.8
26.46,27.28,7.07,8.93
26.94,38.94,7.05,43.48
26.99,49.78,6.67,99.04
24.5,71.96,5.48,194.08
23.27,79.97,4.95,394.01
24.06,73.18,5.11,142.2
24.56,64.55,5.5,62.83
24.26,59.76,5.28,238.12
23.15,49.31,5.14,53.71
22.17,38.14,5.21,12.54
23.01,28.18,5.76,21.79
24.99,25.55,6.47,0.18
25.96,27.28,7.06,18.02
27.3,38.94,7.07,53.56
25.84,49.78,6.57,195.23
25.39,71.96,5.47,279.93
23.84,79.97,5,305.89
24.17,73.18,5.14,322.33
24.56,64.55,5.5,148.89
24.63,59.76,5.27,169.63
24.61,49.31,5.19,37.95
22.83,38.14,5.28,0.46
23.41,21.59,5.94,0.53
24.44,13.62,6.68,0.47
26.61,24.19,7.13,9.14
27.04,36.94,7.07,112.29
27.59,46.81,6.74,117.93
24.72,78.12,5.36,550.48
24.08,84.12,4.92,222.37
23.81,78.96,5.01,395.53
24.31,78.16,5.22,170.74
24.18,58.42,5.28,214.46
24.09,56.53,5.04,11.56
22.42,51.39,4.99,43.67
23.21,31.42,5.71,6.02
24.68,17.99,6.6,0
26.16,30.56,7.01,31.91
26.29,34.8,7.08,69.59
26.97,49.64,6.62,89.69
25.79,68.25,5.6,268.65
24.24,86.2,4.92,223.7
24.06,75.05,5.09,271.39
24.97,64.88,5.51,179.18
24.83,49.19,5.49,330.27
24.65,57.47,5.04,263.87
23.93,50.15,5.08,37.37
23.95,26.11,5.87,0.07
25.7,19.47,6.61,2.28
27.35,23.48,7.18,2.5
28.17,32.59,7.23,103.01
27.33,53.39,6.62,161.71
25.58,75.53,5.47,235.17
23.96,79.76,5.01,601.79
24.29,75.25,5.11,498.86
24.34,74.77,5.29,189.22
24.46,61.44,5.23,263.66
24.26,47.86,5.19,89.39
23.24,49.26,5.08,83.33
23.28,24.82,5.88,0.19
24.42,20.86,6.5,13.5
27,29.18,7.06,8.01
27.1,36.6,7.16,91.99
25.21,63.59,6.3,267.03
24.23,66.77,5.52,243.28
23.73,83.45,4.89,317.04
24.12,69.32,5.18,142.95
25.09,59.41,5.62,81.18
24.6,62.53,5.25,250.61
23.89,40.33,5.33,95.75
22.83,43.61,5.14,8.59
23.63,26.41,5.84,0.08
24.94,38.43,6.24,11.21
26.19,23.09,7.14,1.4
27.31,36.5,7.12,94.09
26.33,48.58,6.66,67.79
23.9,84.3,5.2,261.38
23.62,76.92,5.02,282.11
23.59,73.48,5.1,411.8
24.65,64.93,5.48,122.8
24.32,61.18,5.25,310.56
24.13,44.02,5.27,43.41
22.66,37.34,5.26,39.13
23.74,39.13,5.57,0.34
25.95,21.77,6.59,1.8
26.85,29.81,7.07,2.23
27.35,43.68,7.01,151.48
26.63,49.95,6.64,112.12
24.63,84.18,5.23,134.58
24.08,81.02,4.98,347.65
23.72,74.86,5.08,167.02
25.03,68.88,5.44,162.71
24.24,61.71,5.24,184.17
24.09,49.62,5.15,54.02
22.96,46.64,5.1,11.74
23.88,36.34,5.69,0.02
24.13,26.55,6.4,0.39
26.81,28.25,7.03,2.72
27.73,32.7,7.22,16.52
26.78,59.58,6.48,252.53
24.76,79.07,5.33,431.58
24.38,71.69,5.16,123.29
24.32,70.46,5.18,110.07
25.65,54.71,5.71,60.06
25.03,62.96,5.27,255.65
24.09,46.84,5.21,75.47
23.52,40.11,5.23,6.46
25.43,27.72,5.7,1.8
27.42,27.54,6.24,0.33
28.44,29.82,6.64,18.63
29.75,38.6,6.7,20.18
28.35,48.56,6.26,112.86
26.74,72.77,5.08,797.95
25.22,78.74,4.57,618.4
25.53,75.58,4.61,567.23
25.66,66.85,4.98,275.76
26.14,60.05,5.03,107.33
25.93,45.37,5.18,52.67
24.99,35.13,5.32,0.94
24.7,28.77,5.65,0
26.6,23.32,6.26,0
28.85,27.96,6.69,2.2
29.02,38.87,6.66,58.81
28.95,46.01,6.29,63.17
27.04,62.39,5.29,197.21
25.67,77.44,4.62,415.85
25.75,72.61,4.67,319.31
26.53,63.45,5.04,172.16
27.66,52.13,5.22,92.88
26.89,49.83,5.15,142.93
26.32,37.82,5.31,2.14
25.81,26.51,5.75,0
27.44,27.1,6.24,2.4
29.12,29.66,6.65,21.62
29.99,39.67,6.7,50.69
28.6,48.84,6.25,193.62
26.73,69.47,5.14,452.56
25.72,78.47,4.59,521.5
26.23,74.25,4.65,293.05
26.85,64.71,5.06,275.74
27.1,54.05,5.18,358.5
26.99,49.52,5.15,188.87
26.04,35.61,5.32,0.3
26.21,30.76,5.69,28.5
27.11,27.1,6.25,3.12
28.55,28.71,6.66,1.56
29.23,38.12,6.69,47.37
28.16,48.77,6.24,161.36
25.72,70.54,5.07,635.72
25.2,80.15,4.53,689.22
25.61,74.8,4.62,501.39
26.23,64.26,5.03,120.86
27.12,52.34,5.19,114.3
27.07,46.78,5.19,118.02
26.44,42.34,5.19,73.79
27.04,32.11,5.68,0
27.69,29.74,6.25,4.33
28.69,28.94,6.67,13.42
29.33,36.53,6.7,50.9
28.94,46.31,6.27,101.51
27.49,65.54,5.27,620.52
25.3,80.56,4.56,360.04
26.09,73.01,4.67,470.63
26.54,66.47,5.02,242.89
27.23,52.16,5.22,113
26.87,53.23,5.05,196.01
26.87,38.93,5.31,0.31
26,26.69,5.77,0
27.24,24.88,6.3,0
28.91,28.16,6.69,4.5
29.73,38.89,6.69,56.02
29.36,45.71,6.37,99.37
26.32,73.04,5.06,678.58
25.92,78.04,4.6,865.99
26.03,73.16,4.69,303.32
26.18,63.04,5.07,239.88
26.79,51.14,5.22,111.81
26.56,44.29,5.22,93.37
25.94,38.33,5.29,5.31
25.85,28.96,5.71,4.73
26.73,25.59,6.27,0
28.13,28.9,6.64,35.78
29.15,38.54,6.65,30.74
28.86,47.78,6.27,165.12
26.56,68.7,5.15,418.42
25.95,78.42,4.61,408.72
25.14,73.32,4.66,557.84
26.03,64.26,5.01,237.43
27.04,54.29,5.17,139.72
26.32,44.63,5.22,42.81
26.15,37.93,5.28,21.36
26.08,28.74,5.71,0
27.33,25.7,6.27,0
28.86,29.02,6.66,0.3
29.82,38.54,6.7,36.21
28.75,47.78,6.27,125.05
27.07,68.17,5.17,452.58
26.12,78.42,4.61,349.46
26.19,73.32,4.69,426.54
26.76,64.26,5.04,83.77
27.94,53.7,5.2,129.83
27.41,44.97,5.26,83.12
26.46,37.62,5.32,2.76
26.13,28.74,5.73,0.14
27.19,26.02,6.26,0
28.72,28.9,6.66,0.03
29.75,38.54,6.65,2.86
30.18,47.78,6.29,129.26
28.12,68.17,5.22,528.59
26.59,78.42,4.66,466.99
26.19,73.32,4.7,518.83
26.41,64.26,5.04,227.59
27.12,54.49,5.17,154.11
26.44,45.15,5.2,59.89
26.46,37.62,5.29,40.33
26.33,28.74,5.73,1.94
27.54,26.02,6.28,22.55
28.65,28.9,6.67,56.1
29.1,38.54,6.64,60.87
30.13,47.78,6.33,61.45
26.22,68.4,5.19,359.18
25.43,78.42,4.57,574.56
25.92,73.32,4.66,351.01
26.44,64.26,5.04,279.9
26.74,53.85,5.16,261.9
26.93,44.63,5.22,9.53
26.11,37.6,5.28,108.13
27.04,28.74,5.74,3.95
27.63,25.59,6.29,0
29.49,28.46,6.71,14.13
30,38.54,6.72,29.72
28.95,47.78,6.31,101.71
25.89,68.17,5.13,520.72
25.98,78.42,4.59,379.12
25.91,73.32,4.66,310.24
26.86,64.26,5.07,123.35
26.72,53.79,5.18,170.3
26.71,44.63,5.21,90.97
26.8,37.62,5.3,7.62
26.36,28.74,5.75,23.03
27.06,25.63,6.25,5.57
29.5,28.9,6.66,2.76
30.22,38.54,6.7,9.26
29.54,47.78,6.34,88.5
26.92,68.17,5.16,620.27
26.58,78.42,4.64,327.2
25.73,73.32,4.67,387.24
26.84,64.26,5.04,294.5
27.64,53.78,5.2,123.72
27.04,44.94,5.22,117.27
26.94,37.62,5.33,10.09
26.4,28.74,5.76,0
26.74,25.59,6.27,0.17
28.68,28.9,6.65,6.22
29.64,38.54,6.67,29.84
29.33,47.78,6.31,72.07
26.93,68.17,5.15,443.55
27.26,78.42,4.66,286.33
26.32,73.32,4.68,370.72
27.76,64.26,5.09,116.91
27.54,53.85,5.21,225.75
27.55,44.63,5.27,29.91
26.74,37.62,5.32,74.5
26.3,28.74,5.73,0
28.03,25.59,6.29,0
29.24,28.9,6.71,5.49
29.81,38.54,6.7,91.27
29.31,47.58,6.3,167.56
27.4,68.19,5.19,415.53
26.37,78.42,4.64,757.1
26.29,73.32,4.69,522.67
26.44,64.26,5.04,336.76
27.42,53.99,5.2,37.32
26.95,44.63,5.23,41.45
26.28,37.62,5.29,17.59
26.4,28.74,5.75,0.01
26.85,25.59,6.27,0
28.34,28.9,6.64,7.6
29.61,38.54,6.67,39.1
29.13,47.78,6.29,96.2
26.41,68.17,5.16,539.86
25.7,78.42,4.59,584.76
25.99,73.32,4.67,241.88
26.56,64.26,5.05,182.46
27.24,53.68,5.18,188.38
27.14,44.63,5.23,23
26.28,37.62,5.29,2.92
26.3,28.74,5.74,0.44
27.14,25.59,6.27,0
28.46,28.9,6.64,0.65
29.83,38.54,6.7,15.02
28.2,47.78,6.25,308.12
26.86,68.17,5.14,342.65
26,78.42,4.61,445.53
25.86,73.32,4.66,267.83
26.79,64.26,5.04,77.97
27.24,53.59,5.2,151.72
26.68,44.63,5.22,79.82
26.38,37.62,5.29,2.97
26.94,28.74,5.75,0
27.53,25.59,6.29,0
29.16,28.9,6.7,2.59
29.57,38.54,6.67,48.13
29.87,47.78,6.29,87.68
27.17,68.17,5.22,760.41
25.58,78.42,4.61,592.29
25.52,73.32,4.62,378.56
27.22,64.26,5.07,75.77
26.94,53.85,5.2,167.15
26.73,44.63,5.26,34.73
25.39,37.62,5.3,0.3
25.41,28.74,5.69,0
26.76,25.59,6.26,0
28.75,28.9,6.64,0.03
29.9,38.54,6.69,45.12
29.19,47.78,6.27,131.42
27.46,68.17,5.2,703.21
25.81,78.42,4.61,717.5
26.02,73.32,4.67,410.88
26.66,64.26,5.07,197.83
26.65,53.85,5.16,222.6
26.95,44.63,5.23,156.34
25.45,37.62,5.28,0.3
26.01,28.74,5.7,
27.12,25.59,6.27,
28.22,28.9,6.64,11.74
